<?xml version="1.0" encoding="UTF-8"?>
<project-private xmlns="http://www.netbeans.org/ns/project-private/1">
    <editor-bookmarks xmlns="http://www.netbeans.org/ns/editor-bookmarks/2" lastBookmarkId="0"/>
    <open-files xmlns="http://www.netbeans.org/ns/projectui-open-files/2">
        <group>
            <file>file:/C:/Users/Mauricio/Documents/NetBeansProjects/Actbanco/src/Vista/Principal.java</file>
            <file>file:/C:/Users/Mauricio/Documents/NetBeansProjects/Actbanco/src/Modelo/Banco.java</file>
            <file>file:/C:/Users/Mauricio/Documents/NetBeansProjects/Actbanco/src/Modelo/Cuenta.java</file>
            <file>file:/C:/Users/Mauricio/Documents/NetBeansProjects/Actbanco/src/Modelo/Sede.java</file>
        </group>
    </open-files>
</project-private>
